Min Samples,Epsilon,No. of Before Clusters,No. of Before Noise Points,No. of After Clusters,No. of After Noise Points,Sihouette Score,Accuracy
20,0.08331887682668407,41,17668,15,13463
20,0.08431887682668407,41,17165,16,13243
20,0.08531887682668407,40,16728,15,13024
20,0.08631887682668407,40,16264,15,12861
20,0.08731887682668407,39,15816,14,12707
20,0.08831887682668407,38,15310,13,12507
20,0.08931887682668407,34,14983,14,12314
20,0.09031887682668407,31,14698,9,12200
20,0.09131887682668408,27,14388,11,11998
20,0.09231887682668408,26,14069,14,11792
20,0.09331887682668408,25,13704,17,11641
30,0.09682721121062454,18,17311,9,13297
30,0.09782721121062454,17,16932,9,13112
30,0.09882721121062454,18,16549,10,12950
30,0.09982721121062454,21,16116,8,12780
30,0.10082721121062455,21,15793,8,12665
30,0.10182721121062455,19,15461,9,12508
30,0.10282721121062455,22,14998,8,12334
30,0.10382721121062455,20,14712,8,12183
30,0.10482721121062455,19,14387,6,12047
30,0.10582721121062455,18,14006,5,11910
30,0.10682721121062455,18,13725,5,11769
40,0.10731855612547507,13,17006,7,13055
40,0.10831855612547507,12,16676,7,12950
40,0.10931855612547507,12,16373,7,12821
40,0.11031855612547507,12,16052,6,12656
40,0.11131855612547507,9,15735,6,12510
40,0.11231855612547507,11,15362,7,12388
40,0.11331855612547508,11,15068,5,12277
40,0.11431855612547508,10,14829,5,12126
40,0.11531855612547508,10,14527,5,12046
40,0.11631855612547508,10,14176,5,11915
40,0.11731855612547508,10,13910,6,11705
50,0.11621568474285451,9,16810,4,12971
50,0.11721568474285451,9,16450,4,12874
50,0.11821568474285452,10,16076,5,12737
50,0.11921568474285452,10,15791,5,12649
50,0.12021568474285452,11,15504,5,12533
50,0.12121568474285452,9,15178,6,12296
50,0.12221568474285452,9,14970,7,12133
50,0.12321568474285452,8,14695,7,12001
50,0.12421568474285452,9,14439,5,11888
50,0.12521568474285452,7,14225,5,11804
50,0.12621568474285452,10,13816,6,11666
50,0.12721568474285452,10,13556,6,11535
60,0.12390892752073607,8,16603,4,12835
60,0.12490892752073607,8,16286,4,12692
60,0.12590892752073607,8,16001,4,12589
60,0.12690892752073607,8,15674,4,12476
60,0.12790892752073607,9,15375,4,12360
60,0.12890892752073607,9,15140,4,12267
60,0.12990892752073607,9,14890,4,12134
60,0.13090892752073607,8,14635,5,11979
60,0.13190892752073607,8,14344,5,11818
60,0.13290892752073608,7,14106,5,11721
60,0.13390892752073608,7,13877,6,11617
60,0.13490892752073608,7,13614,5,11479
70,0.13070826243752046,7,16417,3,12757
70,0.13170826243752046,7,16160,3,12633
70,0.13270826243752046,7,15883,3,12517
70,0.13370826243752046,7,15614,3,12421
70,0.13470826243752046,7,15419,3,12328
70,0.13570826243752046,7,15169,3,12225
70,0.13670826243752046,7,14928,3,12153
70,0.13770826243752046,7,14702,4,11951
70,0.13870826243752046,7,14440,5,11802
70,0.13970826243752046,7,14155,5,11682
70,0.14070826243752046,8,13875,5,11567
70,0.14170826243752047,8,13577,5,11462
80,0.1369643655523633,5,16421,3,12573
80,0.1379643655523633,6,15990,3,12490
80,0.1389643655523633,6,15751,3,12412
80,0.1399643655523633,6,15556,3,12319
80,0.1409643655523633,6,15314,3,12251
80,0.1419643655523633,6,15083,3,12153
80,0.1429643655523633,6,14893,3,12050
80,0.1439643655523633,7,14560,3,11923
80,0.1449643655523633,7,14333,3,11835
80,0.1459643655523633,7,14118,3,11746
80,0.1469643655523633,7,13832,3,11656
80,0.1479643655523633,6,13571,4,11511
90,0.14281552369410552,5,16138,3,12433
90,0.14381552369410552,5,15961,3,12353
90,0.14481552369410552,6,15607,3,12278
90,0.14581552369410553,6,15355,3,12182
90,0.14681552369410553,6,15147,3,12079
90,0.14781552369410553,6,14942,3,11985
90,0.14881552369410553,6,14699,3,11905
90,0.14981552369410553,6,14485,3,11796
90,0.15081552369410553,6,14258,3,11703
90,0.15181552369410553,5,14038,3,11601
90,0.15281552369410553,6,13738,3,11530
90,0.15381552369410553,6,13491,3,11466
100,0.14808671341278926,4,16088,3,12334
100,0.14908671341278926,4,15937,3,12240
100,0.15008671341278926,4,15729,3,12159
100,0.15108671341278926,5,15449,3,12059
100,0.15208671341278926,6,15127,3,11972
100,0.15308671341278926,6,14894,3,11892
100,0.15408671341278926,5,14646,3,11829
100,0.15508671341278926,5,14410,3,11723
100,0.15608671341278926,5,14152,3,11633
100,0.15708671341278926,5,13929,3,11564
100,0.15808671341278926,5,13649,3,11466
100,0.15908671341278927,5,13459,3,11375
110,0.15306976174581718,4,15914,3,12240
110,0.15406976174581719,4,15735,3,12152
110,0.1550697617458172,4,15534,3,12087
110,0.1560697617458172,4,15373,3,11981
110,0.1570697617458172,4,15197,3,11864
110,0.1580697617458172,5,14881,3,11786
110,0.1590697617458172,5,14708,3,11709
110,0.1600697617458172,4,14472,3,11636
110,0.1610697617458172,4,14195,3,11572
110,0.1620697617458172,4,13977,3,11490
110,0.1630697617458172,5,13647,3,11407
110,0.1640697617458172,5,13406,3,11325
120,0.15774938375258915,4,15807,3,12151
120,0.15874938375258915,4,15626,3,12059
120,0.15974938375258915,4,15443,3,11943
120,0.16074938375258915,4,15236,3,11873
120,0.16174938375258915,4,15068,3,11771
120,0.16274938375258916,4,14864,3,11701
120,0.16374938375258916,5,14553,3,11640
120,0.16474938375258916,5,14286,3,11553
120,0.16574938375258916,5,14056,3,11504
120,0.16674938375258916,4,13881,3,11409
120,0.16774938375258916,4,13687,3,11319
120,0.16874938375258916,4,13497,3,11249
130,0.16225509768807958,4,15633,3,12046
130,0.16325509768807958,4,15454,3,11943
130,0.16425509768807958,4,15289,3,11872
130,0.16525509768807958,4,15139,3,11779
130,0.16625509768807958,4,14934,3,11679
130,0.16725509768807958,4,14698,3,11621
130,0.16825509768807959,4,14518,3,11553
130,0.1692550976880796,5,14178,3,11468
130,0.1702550976880796,5,13987,3,11401
130,0.1712550976880796,5,13842,3,11330
130,0.1722550976880796,4,13621,3,11262
130,0.1732550976880796,4,13416,3,11179
140,0.16647900132577811,5,15511,3,11961
140,0.16747900132577812,4,15295,3,11883
140,0.16847900132577812,4,15138,3,11793
140,0.16947900132577812,4,14965,3,11697
140,0.17047900132577812,4,14773,3,11605
140,0.17147900132577812,4,14571,3,11531
140,0.17247900132577812,4,14389,3,11461
140,0.17347900132577812,4,14185,3,11396
140,0.17447900132577812,4,13968,3,11347
140,0.17547900132577812,4,13799,3,11275
140,0.17647900132577812,4,13690,3,11199
140,0.17747900132577812,4,13305,3,11149
150,0.17049921910460833,5,15452,3,11881
150,0.17149921910460833,4,15160,3,11789
150,0.17249921910460833,4,14972,3,11688
150,0.17349921910460833,4,14820,3,11622
150,0.17449921910460833,4,14630,3,11535
150,0.17549921910460833,4,14457,3,11478
150,0.17649921910460833,4,14263,3,11396
150,0.17749921910460834,4,14083,3,11350
150,0.17849921910460834,4,13900,3,11282
150,0.17949921910460834,4,13767,3,11198
150,0.18049921910460834,4,13585,3,11128
150,0.18149921910460834,4,13397,3,11075
160,0.17440817301175462,5,15283,3,11774
160,0.17540817301175463,4,15072,3,11695
160,0.17640817301175463,4,14913,3,11602
160,0.17740817301175463,4,14710,3,11547
160,0.17840817301175463,4,14519,3,11495
160,0.17940817301175463,4,14375,3,11419
160,0.18040817301175463,4,14204,3,11331
160,0.18140817301175463,4,14000,3,11255
160,0.18240817301175463,4,13841,3,11195
160,0.18340817301175463,4,13673,3,11124
160,0.18440817301175463,4,13518,3,11071
160,0.18540817301175463,4,13346,3,11003
170,0.1780435090972942,5,15214,3,11729
170,0.1790435090972942,5,14956,3,11644
170,0.1800435090972942,4,14776,3,11558
170,0.1810435090972942,4,14616,3,11468
170,0.1820435090972942,4,14451,3,11419
170,0.1830435090972942,4,14270,3,11337
170,0.1840435090972942,4,14136,3,11282
170,0.1850435090972942,4,13976,3,11193
170,0.1860435090972942,4,13770,3,11142
170,0.1870435090972942,4,13611,3,11072
170,0.1880435090972942,4,13437,3,11010
170,0.1890435090972942,4,13278,3,10939
180,0.18160578916681872,5,15011,3,11642
180,0.18260578916681872,5,14860,3,11565
180,0.18360578916681872,4,14729,3,11489
180,0.18460578916681872,4,14560,3,11417
180,0.18560578916681872,4,14362,3,11353
180,0.18660578916681872,4,14221,3,11268
180,0.18760578916681872,4,14056,3,11210
180,0.18860578916681872,4,13889,3,11143
180,0.18960578916681872,4,13732,3,11061
180,0.19060578916681872,4,13578,3,10998
180,0.19160578916681872,4,13403,3,10946
180,0.19260578916681872,4,13264,3,10899
190,0.18496730850619095,4,15058,3,11559
190,0.18596730850619095,4,14894,3,11494
190,0.18696730850619095,4,14690,3,11413
190,0.18796730850619095,4,14511,3,11352
190,0.18896730850619095,4,14324,3,11288
190,0.18996730850619095,4,14163,3,11225
190,0.19096730850619095,4,13990,3,11165
190,0.19196730850619095,4,13824,3,11096
190,0.19296730850619095,4,13637,3,11053
190,0.19396730850619096,4,13507,3,10984
190,0.19496730850619096,4,13358,3,10896
190,0.19596730850619096,4,13240,3,10843
200,0.18826649577515564,3,15177,3,11479
200,0.18926649577515564,3,15049,3,11422
200,0.19026649577515564,3,14855,3,11373
200,0.19126649577515564,3,14662,3,11323
200,0.19226649577515564,3,14452,3,11232
200,0.19326649577515564,3,14340,3,11168
200,0.19426649577515565,4,13932,3,11129
200,0.19526649577515565,4,13733,3,11049
200,0.19626649577515565,4,13595,3,10994
200,0.19726649577515565,4,13420,3,10940
200,0.19826649577515565,4,13298,3,10857
200,0.19926649577515565,4,13158,3,10781
210,0.19149341356023664,3,15219,3,11460
210,0.19249341356023664,3,14916,3,11367
210,0.19349341356023664,3,14759,3,11308
210,0.19449341356023664,3,14596,3,11253
210,0.19549341356023664,3,14467,3,11185
210,0.19649341356023664,3,14264,3,11111
210,0.19749341356023664,3,14117,3,11061
210,0.19849341356023664,3,13919,3,11001
210,0.19949341356023664,3,13761,3,10923
210,0.20049341356023664,3,13617,3,10862
210,0.20149341356023664,4,13216,3,10801
210,0.20249341356023665,4,13096,3,10733
220,0.1945111502906821,3,15106,3,11414
220,0.1955111502906821,3,14842,3,11332
220,0.1965111502906821,3,14708,3,11282
220,0.1975111502906821,3,14535,3,11226
220,0.19851115029068211,3,14408,3,11137
220,0.19951115029068212,3,14157,3,11073
220,0.20051115029068212,3,14058,3,11017
220,0.20151115029068212,3,13885,3,10957
220,0.20251115029068212,3,13677,3,10897
220,0.20351115029068212,3,13523,3,10825
220,0.20451115029068212,3,13350,3,10757
220,0.20551115029068212,3,13232,3,10713
230,0.19760079943341602,3,15027,3,11362
230,0.19860079943341602,3,14742,3,11276
230,0.19960079943341602,3,14614,3,11232
230,0.20060079943341602,3,14476,3,11130
230,0.20160079943341602,3,14309,3,11074
230,0.20260079943341602,3,14203,3,11019
230,0.20360079943341602,3,13964,3,10973
230,0.20460079943341603,3,13834,3,10896
230,0.20560079943341603,3,13583,3,10842
230,0.20660079943341603,3,13398,3,10786
230,0.20760079943341603,3,13250,3,10707
230,0.20860079943341603,3,13132,3,10654
240,0.20053493336815137,3,14921,3,11342
240,0.20153493336815137,3,14780,3,11269
240,0.20253493336815137,3,14525,3,11193
240,0.20353493336815137,3,14402,3,11118
240,0.20453493336815137,3,14230,3,11032
240,0.20553493336815137,3,14092,3,10979
240,0.20653493336815137,3,13936,3,10931
240,0.20753493336815138,3,13757,3,10870
240,0.20853493336815138,3,13563,3,10815
240,0.20953493336815138,3,13366,3,10755
240,0.21053493336815138,3,13233,3,10668
240,0.21153493336815138,3,13090,3,10595
250,0.20337250801453946,3,14834,3,11264
250,0.20437250801453946,3,14663,3,11210
250,0.20537250801453946,3,14488,3,11146
250,0.20637250801453946,3,14394,3,11075
250,0.20737250801453946,3,14263,3,11007
250,0.20837250801453946,3,14031,3,10939
250,0.20937250801453947,3,13889,3,10895
250,0.21037250801453947,3,13662,3,10835
250,0.21137250801453947,3,13508,3,10785
250,0.21237250801453947,3,13360,3,10715
250,0.21337250801453947,3,13194,3,10614
250,0.21437250801453947,3,13068,3,10548
260,0.2061705585059066,3,14716,3,11224
260,0.2071705585059066,3,14557,3,11146
260,0.2081705585059066,3,14439,3,11092
260,0.2091705585059066,3,14278,3,11032
260,0.2101705585059066,3,14170,3,10951
260,0.2111705585059066,3,13885,3,10904
260,0.2121705585059066,3,13738,3,10840
260,0.2131705585059066,3,13592,3,10782
260,0.2141705585059066,3,13476,3,10738
260,0.2151705585059066,3,13309,3,10654
260,0.2161705585059066,3,13128,3,10565
260,0.2171705585059066,3,13015,3,10506
270,0.20892248413616452,3,14621,3,11145
270,0.20992248413616452,3,14463,3,11093
270,0.21092248413616452,3,14340,3,11042
270,0.21192248413616452,3,14211,3,10981
270,0.21292248413616452,3,14066,3,10918
270,0.21392248413616452,3,13885,3,10867
270,0.21492248413616452,3,13729,3,10806
270,0.21592248413616452,3,13615,3,10724
270,0.21692248413616452,3,13404,3,10666
270,0.21792248413616452,3,13236,3,10597
270,0.21892248413616452,3,13100,3,10510
270,0.21992248413616453,3,12961,3,10454
280,0.21162685057925024,3,14537,3,11108
280,0.21262685057925024,3,14398,3,11044
280,0.21362685057925024,3,14237,3,10985
280,0.21462685057925024,3,14104,3,10934
280,0.21562685057925024,3,13930,3,10874
280,0.21662685057925024,3,13788,3,10829
280,0.21762685057925024,3,13679,3,10755
280,0.21862685057925024,3,13539,3,10675
280,0.21962685057925024,3,13421,3,10598
280,0.22062685057925024,3,13289,3,10533
280,0.22162685057925025,3,13053,3,10484
280,0.22262685057925025,3,12884,3,10413
290,0.21426447890527964,3,14449,3,11090
290,0.21526447890527964,3,14299,3,11003
290,0.21626447890527964,3,14148,3,10932
290,0.21726447890527964,3,14034,3,10878
290,0.21826447890527964,3,13866,3,10830
290,0.21926447890527964,3,13772,3,10758
290,0.22026447890527964,3,13634,3,10718
290,0.22126447890527964,3,13456,3,10627
290,0.22226447890527964,3,13320,3,10549
290,0.22326447890527965,3,13175,3,10488
290,0.22426447890527965,3,13043,3,10436
290,0.22526447890527965,3,12890,3,10392
300,0.21681702476614076,3,14350,3,11049
300,0.21781702476614076,3,14201,3,10972
300,0.21881702476614076,3,14086,3,10871
300,0.21981702476614076,3,13910,3,10833
300,0.22081702476614076,3,13811,3,10780
300,0.22181702476614076,3,13677,3,10725
300,0.22281702476614076,3,13566,3,10654
300,0.22381702476614077,3,13443,3,10584
300,0.22481702476614077,3,13276,3,10521
300,0.22581702476614077,3,13084,3,10450
300,0.22681702476614077,3,12962,3,10392
300,0.22781702476614077,3,12790,3,10347
610,0.33442642766154645,3,8116,3,7377,0.51662374,75.83118677139282
610,0.33542642766154646,3,8059,3,7307,0.5174933,75.87466537952423
610,0.33642642766154646,3,8014,3,7255,0.5182674,75.91336965560913
610,0.33742642766154646,3,7969,3,7217,0.51877624,75.9388118982315
610,0.33842642766154646,3,7915,3,7182,0.5192319,75.9615957736969
610,0.33942642766154646,3,7835,3,7147,0.51965016,75.98250806331635
610,0.34042642766154646,3,7775,3,7102,0.5203346,76.01673007011414
610,0.34142642766154646,3,7723,3,7041,0.52111477,76.05573832988739
610,0.34242642766154646,3,7682,3,6984,0.52182746,76.09137296676636
610,0.34342642766154646,3,7630,3,6936,0.52237123,76.11856162548065
610,0.34442642766154646,3,7574,3,6900,0.52291083,76.14554166793823
610,0.34542642766154646,3,7522,3,6851,0.523466,76.17329955101013
620,0.3362521701128623,3,8088,3,7350,0.5170439,75.85219442844391
620,0.3372521701128623,3,8034,3,7285,0.51779944,75.88997185230255
620,0.3382521701128623,3,7973,3,7237,0.5184559,75.92279613018036
620,0.3392521701128623,3,7929,3,7204,0.51897997,75.94899833202362
620,0.3402521701128623,3,7881,3,7159,0.5196079,75.98039507865906
620,0.3412521701128623,3,7818,3,7116,0.5199761,75.99880397319794
620,0.3422521701128623,3,7767,3,7069,0.52068985,76.0344922542572
620,0.3432521701128623,3,7713,3,7015,0.5214851,76.07425451278687
620,0.3442521701128623,3,7658,3,6976,0.52187794,76.0938972234726
620,0.3452521701128623,3,7620,3,6914,0.5226693,76.13346576690674
620,0.3462521701128623,3,7557,3,6891,0.5230427,76.15213394165039
620,0.3472521701128623,3,7513,3,6843,0.5235952,76.17976069450378
630,0.3381115519903498,3,8061,3,7310,0.5174887,75.87443590164185
630,0.3391115519903498,3,8007,3,7251,0.5182891,75.91445446014404
630,0.3401115519903498,3,7938,3,7207,0.5189645,75.94822645187378
630,0.3411115519903498,3,7907,3,7169,0.5194683,75.97341537475586
630,0.3421115519903498,3,7871,3,7147,0.51976746,75.98837316036224
630,0.3431115519903498,3,7801,3,7093,0.5203994,76.01996958255768
630,0.3441115519903498,3,7743,3,7048,0.52097994,76.0489970445633
630,0.3451115519903498,3,7703,3,6998,0.5216938,76.08469128608704
630,0.3461115519903498,3,7647,3,6952,0.5222076,76.11038088798523
630,0.3471115519903498,3,7588,3,6903,0.5228116,76.14057958126068
630,0.3481115519903498,3,7536,3,6869,0.52325344,76.16267204284668
630,0.3491115519903498,3,7487,3,6809,0.5239036,76.19518041610718
640,0.3399301572333102,3,8017,3,7294,0.51780576,75.89028775691986
640,0.3409301572333102,3,7962,3,7234,0.5185473,75.92736482620239
640,0.3419301572333102,3,7929,3,7194,0.5191065,75.95532536506653
640,0.3429301572333102,3,7882,3,7161,0.5196092,75.98046064376831
640,0.3439301572333102,3,7833,3,7133,0.519968,75.99839866161346
640,0.3449301572333102,3,7783,3,7083,0.52049863,76.02493166923523
640,0.3459301572333102,3,7723,3,7033,0.52122986,76.06149315834045
640,0.3469301572333102,3,7681,3,6988,0.5217065,76.0853260755539
640,0.3479301572333102,3,7612,3,6923,0.5225705,76.12852454185486
640,0.3489301572333102,3,7567,3,6878,0.5231204,76.15602016448975
640,0.3499301572333102,3,7509,3,6833,0.5236945,76.18472576141357
640,0.3509301572333102,3,7461,3,6795,0.52416354,76.20817720890045
650,0.3418362081763886,3,7992,3,7273,0.5181315,75.90657472610474
650,0.3428362081763886,3,7933,3,7235,0.518628,75.93140006065369
650,0.3438362081763886,3,7903,3,7193,0.5191551,75.95775425434113
650,0.3448362081763886,3,7858,3,7143,0.5198149,75.9907454252243
650,0.3458362081763886,3,7810,3,7096,0.52046466,76.02323293685913
650,0.3468362081763886,3,7752,3,7065,0.5207539,76.03769600391388
650,0.3478362081763886,3,7701,3,7011,0.5215452,76.07725858688354
650,0.3488362081763886,3,7628,3,6934,0.5224646,76.12322866916656
650,0.3498362081763886,3,7578,3,6892,0.5230493,76.1524647474289
650,0.3508362081763886,3,7535,3,6854,0.52341294,76.17064714431763
650,0.3518362081763886,3,7501,3,6817,0.5239478,76.1973887681961
650,0.3528362081763886,3,7439,3,6766,0.52449405,76.22470259666443
660,0.34362491926305977,3,7981,3,7252,0.51847166,75.9235829114914
660,0.34462491926305977,3,7924,3,7212,0.5189733,75.94866454601288
660,0.34562491926305977,3,7879,3,7171,0.51941967,75.97098350524902
660,0.34662491926305977,3,7825,3,7129,0.51999795,75.99989771842957
660,0.3476249192630598,3,7771,3,7073,0.5207416,76.03707909584045
660,0.3486249192630598,3,7720,3,7032,0.521303,76.06514990329742
660,0.3496249192630598,3,7679,3,6975,0.5220133,76.10066533088684
660,0.3506249192630598,3,7617,3,6913,0.522747,76.13734900951385
660,0.3516249192630598,3,7568,3,6887,0.5231433,76.15716457366943
660,0.3526249192630598,3,7514,3,6850,0.52354246,76.17712318897247
660,0.3536249192630598,3,7470,3,6793,0.5242699,76.21349394321442
660,0.3546249192630598,3,7427,3,6730,0.52491564,76.24578177928925
670,0.34546360022111544,3,7962,3,7238,0.518648,75.93240141868591
670,0.34646360022111544,3,7892,3,7200,0.519081,75.95404982566833
670,0.34746360022111544,3,7845,3,7147,0.51978993,75.98949670791626
670,0.34846360022111544,3,7797,3,7097,0.5204198,76.02098882198334
670,0.34946360022111544,3,7725,3,7050,0.52101976,76.05098783969879
670,0.35046360022111545,3,7692,3,7009,0.52161723,76.08086168766022
670,0.35146360022111545,3,7657,3,6926,0.5225984,76.1299192905426
670,0.35246360022111545,3,7588,3,6888,0.5231222,76.15610957145691
670,0.35346360022111545,3,7528,3,6852,0.52354306,76.17715299129486
670,0.35446360022111545,3,7488,3,6808,0.5240713,76.20356380939484
670,0.35546360022111545,3,7440,3,6766,0.5245358,76.22678875923157
670,0.35646360022111545,3,7399,3,6705,0.52524674,76.26233696937561
680,0.34716212471466085,3,7939,3,7221,0.5188446,75.94223022460938
680,0.34816212471466085,3,7869,3,7194,0.51914114,75.95705687999725
680,0.34916212471466085,3,7812,3,7141,0.51982796,75.9913980960846
680,0.35016212471466085,3,7772,3,7089,0.52051836,76.02591812610626
680,0.35116212471466085,3,7721,3,7047,0.5210767,76.05383396148682
680,0.35216212471466085,3,7675,3,6989,0.52175766,76.08788311481476
680,0.35316212471466085,3,7623,3,6914,0.5227597,76.13798379898071
680,0.35416212471466085,3,7560,3,6868,0.52347344,76.17367208003998
680,0.35516212471466085,3,7501,3,6833,0.5238006,76.19003057479858
680,0.35616212471466085,3,7462,3,6802,0.5241052,76.2052595615387
680,0.35716212471466086,3,7424,3,6746,0.5248108,76.24053955078125
680,0.35816212471466086,3,7365,3,6673,0.5257294,76.28647089004517
690,0.34901380419646033,3,7894,3,7210,0.51901275,75.95063745975494
690,0.35001380419646033,3,7821,3,7150,0.51967907,75.98395347595215
690,0.35101380419646033,3,7782,3,7107,0.5201739,76.00869536399841
690,0.35201380419646033,3,7737,3,7068,0.5206792,76.03395879268646
690,0.35301380419646033,3,7680,3,7011,0.5215355,76.07677578926086
690,0.35401380419646034,3,7642,3,6957,0.5222789,76.1139452457428
690,0.35501380419646034,3,7574,3,6894,0.52308583,76.15429162979126
690,0.35601380419646034,3,7532,3,6843,0.52370346,76.18517279624939
690,0.35701380419646034,3,7478,3,6810,0.5240511,76.2025535106659
690,0.35801380419646034,3,7434,3,6780,0.52452564,76.22628211975098
690,0.35901380419646034,3,7394,3,6717,0.5252575,76.26287639141083
690,0.36001380419646034,3,7327,3,6656,0.52603555,76.30177736282349
700,0.350744046328061,3,7869,3,7189,0.51929516,75.96475780010223
700,0.351744046328061,3,7810,3,7138,0.51982147,75.99107325077057
700,0.352744046328061,3,7762,3,7082,0.5205544,76.02772116661072
700,0.353744046328061,3,7702,3,7044,0.52105194,76.05259716510773
700,0.354744046328061,3,7657,3,6981,0.5219001,76.09500586986542
700,0.355744046328061,3,7626,3,6926,0.5225168,76.12583935260773
700,0.356744046328061,3,7577,3,6870,0.52339745,76.16987228393555
700,0.357744046328061,3,7493,3,6828,0.5238908,76.19453966617584
700,0.358744046328061,3,7442,3,6784,0.52449,76.22449994087219
700,0.359744046328061,3,7414,3,6749,0.5248924,76.24461948871613
700,0.360744046328061,3,7378,3,6677,0.52572894,76.28644704818726
700,0.361744046328061,3,7309,3,6632,0.5263458,76.31728947162628
710,0.35242343803287113,3,7853,3,7161,0.5196764,75.9838193655014
710,0.35342343803287113,3,7802,3,7126,0.52012587,76.00629329681396
710,0.35442343803287113,3,7757,3,7060,0.5207855,76.03927552700043
710,0.35542343803287113,3,7691,3,7015,0.52138996,76.06949806213379
710,0.35642343803287113,3,7640,3,6958,0.5221714,76.10856890678406
710,0.35742343803287113,3,7596,3,6924,0.5226156,76.1307805776596
710,0.35842343803287113,3,7546,3,6861,0.52353436,76.176717877388
710,0.35942343803287113,3,7473,3,6811,0.5241159,76.20579600334167
710,0.36042343803287114,3,7429,3,6768,0.5246508,76.23254060745239
710,0.36142343803287114,3,7396,3,6725,0.5251286,76.25643014907837
710,0.36242343803287114,3,7340,3,6663,0.5258929,76.29464566707611
710,0.36342343803287114,3,7292,3,6611,0.52662706,76.33135318756104
720,0.3540831140825983,3,7828,3,7133,0.51997524,75.9987622499466
720,0.3550831140825983,3,7786,3,7101,0.52043307,76.02165341377258
720,0.3560831140825983,3,7728,3,7058,0.52092564,76.04628205299377
720,0.3570831140825983,3,7669,3,7012,0.5214164,76.0708212852478
720,0.3580831140825983,3,7617,3,6945,0.5224035,76.12017393112183
720,0.3590831140825983,3,7566,3,6893,0.52303004,76.15150213241577
720,0.3600831140825983,3,7522,3,6831,0.52390367,76.19518339633942
720,0.3610831140825983,3,7462,3,6789,0.52442825,76.22141242027283
720,0.3620831140825983,3,7417,3,6746,0.5249596,76.24798119068146
720,0.3630831140825983,3,7382,3,6693,0.52553225,76.27661228179932
720,0.3640831140825983,3,7318,3,6636,0.5261844,76.3092190027237
720,0.3650831140825983,3,7275,3,6585,0.52698624,76.34931206703186
730,0.35584831091401115,3,7809,3,7111,0.5202659,76.01329386234283
730,0.35684831091401115,3,7773,3,7079,0.52072823,76.03641152381897
730,0.35784831091401115,3,7706,3,7033,0.5212084,76.0604202747345
730,0.35884831091401115,3,7634,3,6974,0.52187985,76.09399259090424
730,0.35984831091401115,3,7588,3,6907,0.5228224,76.1411190032959
730,0.36084831091401115,3,7534,3,6847,0.52363706,76.1818528175354
730,0.36184831091401115,3,7490,3,6805,0.5241792,76.20896100997925
730,0.36284831091401115,3,7438,3,6760,0.5248337,76.24168395996094
730,0.36384831091401115,3,7393,3,6724,0.52522266,76.26113295555115
730,0.36484831091401115,3,7346,3,6660,0.52595246,76.29762291908264
730,0.36584831091401115,3,7292,3,6606,0.52665055,76.33252739906311
730,0.36684831091401116,3,7243,3,6568,0.5271505,76.35752558708191
740,0.3575222627614947,3,7787,3,7088,0.5205731,76.02865397930145
740,0.3585222627614947,3,7747,3,7053,0.5210329,76.05164647102356
740,0.3595222627614947,3,7664,3,7001,0.5216298,76.0814905166626
740,0.3605222627614947,3,7614,3,6936,0.5224398,76.12198889255524
740,0.3615222627614947,3,7571,3,6882,0.5231915,76.1595755815506
740,0.3625222627614947,3,7509,3,6830,0.52389944,76.19497179985046
740,0.3635222627614947,3,7449,3,6780,0.5244894,76.2244701385498
740,0.3645222627614947,3,7414,3,6737,0.5251166,76.25583112239838
740,0.3655222627614947,3,7363,3,6691,0.52564734,76.28236711025238
740,0.3665222627614947,3,7321,3,6651,0.5261149,76.30574405193329
740,0.3675222627614947,3,7275,3,6582,0.5270522,76.35261118412018
740,0.3685222627614947,3,7200,3,6531,0.52769667,76.38483345508575
750,0.3592540431493358,3,7763,3,7059,0.52092224,76.04611217975616
750,0.3602540431493358,3,7709,3,7014,0.5215417,76.0770857334137
750,0.3612540431493358,3,7629,3,6971,0.5220626,76.1031299829483
750,0.3622540431493358,3,7583,3,6914,0.52280045,76.14002227783203
750,0.3632540431493358,3,7545,3,6841,0.5237761,76.18880569934845
750,0.3642540431493358,3,7468,3,6794,0.5243762,76.21881067752838
750,0.3652540431493358,3,7424,3,6746,0.5249996,76.24998092651367
750,0.3662540431493358,3,7393,3,6707,0.5254896,76.2744814157486
750,0.3672540431493358,3,7345,3,6666,0.5259728,76.29863917827606
750,0.3682540431493358,3,7292,3,6604,0.5267782,76.33891105651855
750,0.3692540431493358,3,7248,3,6555,0.5273886,76.36942863464355
750,0.3702540431493358,3,7180,3,6514,0.52793723,76.39686167240143
760,0.36083934257089045,3,7741,3,7016,0.5214683,76.07341408729553
760,0.36183934257089045,3,7663,3,6991,0.5218295,76.09147429466248
760,0.36283934257089046,3,7613,3,6944,0.5225036,76.12518072128296
760,0.36383934257089046,3,7574,3,6895,0.5230312,76.15155875682831
760,0.36483934257089046,3,7513,3,6832,0.5239638,76.19819045066833
760,0.36583934257089046,3,7470,3,6777,0.5245577,76.22788548469543
760,0.36683934257089046,3,7414,3,6737,0.52508366,76.25418305397034
760,0.36783934257089046,3,7359,3,6683,0.5258733,76.29366517066956
760,0.36883934257089046,3,7320,3,6640,0.52638614,76.31930708885193
760,0.36983934257089046,3,7273,3,6587,0.52699983,76.3499915599823
760,0.37083934257089046,3,7224,3,6552,0.52744323,76.3721615076065
760,0.37183934257089046,3,7172,3,6498,0.5282246,76.41122937202454
770,0.36259827753478086,3,7704,3,6988,0.5218762,76.09381079673767
770,0.36359827753478086,3,7653,3,6968,0.522113,76.1056512594223
770,0.36459827753478086,3,7603,3,6914,0.52283734,76.14186704158783
770,0.36559827753478086,3,7548,3,6854,0.5236202,76.18100941181183
770,0.36659827753478086,3,7495,3,6810,0.5242283,76.21141374111176
770,0.36759827753478086,3,7422,3,6769,0.5246828,76.23414099216461
770,0.36859827753478086,3,7385,3,6706,0.5255383,76.27691626548767
770,0.36959827753478086,3,7336,3,6650,0.52619517,76.30975842475891
770,0.37059827753478086,3,7291,3,6618,0.52663505,76.33175253868103
770,0.37159827753478086,3,7249,3,6567,0.52728105,76.36405229568481
770,0.37259827753478086,3,7201,3,6526,0.5278102,76.39051079750061
770,0.37359827753478086,3,7133,3,6480,0.52853715,76.42685770988464
780,0.36417889834079775,3,7687,3,6971,0.52207196,76.10359787940979
780,0.36517889834079775,3,7634,3,6944,0.52245307,76.12265348434448
780,0.36617889834079775,3,7587,3,6897,0.52300173,76.15008652210236
780,0.36717889834079775,3,7529,3,6849,0.5236487,76.18243396282196
780,0.36817889834079776,3,7462,3,6787,0.5244997,76.22498571872711
780,0.36917889834079776,3,7416,3,6730,0.52512246,76.25612318515778
780,0.37017889834079776,3,7369,3,6688,0.52577096,76.28854811191559
780,0.37117889834079776,3,7322,3,6633,0.52644646,76.32232308387756
780,0.37217889834079776,3,7284,3,6592,0.52703553,76.35177671909332
780,0.37317889834079776,3,7210,3,6555,0.5274708,76.37354135513306
780,0.37417889834079776,3,7153,3,6516,0.52796936,76.39846801757812
780,0.37517889834079776,3,7117,3,6466,0.52870023,76.43501162528992
790,0.36581925865642434,3,7654,3,6949,0.5223723,76.11861526966095
790,0.36681925865642434,3,7611,3,6909,0.52292323,76.1461615562439
790,0.36781925865642434,3,7569,3,6875,0.5234267,76.17133557796478
790,0.36881925865642434,3,7503,3,6800,0.5243818,76.21909081935883
790,0.36981925865642434,3,7455,3,6747,0.5250584,76.2529194355011
790,0.37081925865642434,3,7382,3,6716,0.52539927,76.26996338367462
790,0.37181925865642435,3,7341,3,6658,0.526196,76.30980014801025
790,0.37281925865642435,3,7305,3,6617,0.52666664,76.33333206176758
790,0.37381925865642435,3,7244,3,6581,0.52716106,76.35805308818817
790,0.37481925865642435,3,7195,3,6544,0.5276079,76.38039588928223
790,0.37581925865642435,3,7141,3,6493,0.52829707,76.41485333442688
790,0.37681925865642435,3,7079,3,6439,0.52903897,76.45194828510284
800,0.3674773714768797,3,7611,3,6915,0.52290624,76.14531219005585
800,0.3684773714768797,3,7572,3,6883,0.52330756,76.16537809371948
800,0.3694773714768797,3,7535,3,6849,0.5237088,76.18544101715088
800,0.3704773714768797,3,7477,3,6792,0.5244928,76.22464001178741
800,0.3714773714768797,3,7429,3,6728,0.52528244,76.26412212848663
800,0.3724773714768797,3,7374,3,6687,0.5257712,76.28856003284454
800,0.3734773714768797,3,7307,3,6639,0.526425,76.3212502002716
800,0.3744773714768797,3,7272,3,6588,0.52706176,76.35308802127838
800,0.3754773714768797,3,7214,3,6548,0.5276264,76.38131976127625
800,0.3764773714768797,3,7157,3,6521,0.52793753,76.39687657356262
800,0.3774773714768797,3,7112,3,6470,0.5287007,76.43503546714783
800,0.3784773714768797,3,7068,3,6422,0.5292567,76.46283507347107
900,0.38784333280056255,3,7148,3,6497,0.5283962,76.41980946063995
900,0.38884333280056255,3,7105,3,6462,0.5288377,76.44188404083252
900,0.38984333280056255,3,7061,3,6410,0.52951777,76.47588849067688
900,0.39084333280056255,3,7009,3,6374,0.5300076,76.50038003921509
900,0.39184333280056255,3,6966,3,6329,0.5305495,76.52747631072998
900,0.39284333280056255,3,6913,3,6295,0.5309361,76.54680609703064
900,0.39384333280056255,3,6846,3,6249,0.531472,76.57360136508942
1000,0.4028492175277329,3,6922,3,6301,0.5310024,76.55012011528015
1000,0.4038492175277329,3,6878,3,6277,0.53121275,76.56063735485077
1000,0.4048492175277329,3,6832,3,6243,0.53163815,76.58190727233887
1000,0.4058492175277329,3,6778,3,6196,0.53225094,76.61254703998566
1000,0.4068492175277329,3,6743,3,6167,0.532724,76.63620114326477
1000,0.4078492175277329,3,6699,3,6125,0.533285,76.66425108909607
1000,0.4088492175277329,3,6655,3,6087,0.5337494,76.68747007846832
1100,0.41827872259878,3,6673,3,6093,0.5337621,76.68810486793518
1100,0.41927872259878,3,6619,3,6052,0.5343287,76.71643495559692
1100,0.42027872259878,3,6585,3,6011,0.53474563,76.73728168010712
1100,0.42127872259878,3,6522,3,5955,0.5354664,76.77331864833832
1100,0.42227872259878,3,6479,3,5931,0.53574365,76.78718268871307
1100,0.42327872259878,3,6439,3,5899,0.536137,76.80684924125671
1100,0.42427872259878,3,6395,3,5854,0.5368281,76.84140503406525
1200,0.43281969967776596,3,6433,3,5876,0.5366181,76.83090567588806
1200,0.43381969967776596,3,6405,3,5862,0.53683925,76.8419623374939
1200,0.43481969967776596,3,6361,3,5830,0.5372651,76.8632560968399
1200,0.43581969967776596,3,6324,3,5778,0.5380245,76.90122425556183
1200,0.43681969967776596,3,6271,3,5747,0.5385382,76.92691087722778
1200,0.43781969967776596,3,6241,3,5715,0.53895557,76.94777846336365
1200,0.43881969967776596,3,6201,3,5684,0.5394385,76.97192430496216
1300,0.44556927244958777,3,6286,3,5739,0.5387029,76.9351452589035
1300,0.4465692724495878,3,6253,3,5723,0.53886175,76.94308757781982
1300,0.4475692724495878,3,6223,3,5682,0.5394128,76.97063982486725
1300,0.4485692724495878,3,6180,3,5637,0.5400884,77.0044207572937
1300,0.4495692724495878,3,6149,3,5626,0.5402501,77.01250612735748
1300,0.4505692724495878,3,6129,3,5586,0.54077274,77.03863680362701
1300,0.4515692724495878,3,6094,3,5552,0.54127026,77.06351280212402
1400,0.45746186125992366,3,6164,3,5619,0.54041624,77.02081203460693
1400,0.45846186125992366,3,6139,3,5590,0.5408359,77.04179584980011
1400,0.45946186125992367,3,6093,3,5557,0.54131424,77.06571221351624
1400,0.46046186125992367,3,6057,3,5525,0.54171056,77.08552777767181
1400,0.46146186125992367,3,6024,3,5488,0.54229534,77.11476683616638
1400,0.46246186125992367,3,5986,3,5466,0.54257613,77.12880671024323
1400,0.46346186125992367,3,5948,3,5438,0.5428859,77.14429497718811
1500,0.4689437465632006,3,6032,3,5494,0.5421928,77.1096408367157
1500,0.4699437465632006,3,5999,3,5467,0.542537,77.12684869766235
1500,0.4709437465632006,3,5943,3,5429,0.54305637,77.15281844139099
1500,0.4719437465632006,3,5913,3,5389,0.54364085,77.18204259872437
1500,0.4729437465632006,3,5891,3,5367,0.5439867,77.1993339061737
1500,0.4739437465632006,3,5865,3,5337,0.54432476,77.216237783432
1500,0.4749437465632006,3,5833,3,5310,0.54468906,77.23445296287537
1600,0.4802164368027667,3,5905,3,5350,0.5442569,77.21284627914429
1600,0.4812164368027667,3,5866,3,5329,0.544496,77.22479999065399
1600,0.4822164368027667,3,5841,3,5305,0.544804,77.24019885063171
1600,0.4832164368027667,3,5799,3,5284,0.54505944,77.25297212600708
1600,0.4842164368027667,3,5773,3,5248,0.54555726,77.27786302566528
1600,0.4852164368027667,3,5745,3,5225,0.5458119,77.2905945777893
1600,0.4862164368027667,3,5714,3,5193,0.54615664,77.30783224105835
1700,0.49061899130332765,3,5800,3,5231,0.5457769,77.28884518146515
1700,0.49161899130332765,3,5763,3,5211,0.546037,77.30185091495514
1700,0.49261899130332765,3,5725,3,5188,0.5463202,77.31600999832153
1700,0.49361899130332765,3,5674,3,5172,0.54659355,77.32967734336853
1700,0.49461899130332765,3,5643,3,5146,0.5468682,77.34341025352478
1700,0.49561899130332765,3,5605,3,5121,0.5472096,77.36048102378845
1700,0.49661899130332765,3,5572,3,5096,0.5475049,77.37524509429932
1800,0.5008940861343774,3,5670,3,5131,0.54719234,77.35961675643921
1800,0.5018940861343774,3,5625,3,5109,0.54742587,77.37129330635071
1800,0.5028940861343774,3,5604,3,5076,0.5478586,77.39292979240417
1800,0.5038940861343774,3,5568,3,5059,0.5480843,77.4042159318924
1800,0.5048940861343774,3,5518,3,5030,0.5484988,77.4249404668808
1800,0.5058940861343774,3,5502,3,5021,0.5486001,77.43000388145447
1800,0.5068940861343774,3,5467,3,5005,0.5488171,77.44085490703583
1900,0.5105863849126682,3,5559,3,5058,0.5482319,77.41159498691559
1900,0.5115863849126682,3,5537,3,5022,0.5486856,77.4342805147171
1900,0.5125863849126682,3,5506,3,4997,0.5489033,77.44516432285309
1900,0.5135863849126682,3,5478,3,4979,0.549117,77.45585143566132
1900,0.5145863849126682,3,5442,3,4955,0.54946625,77.47331261634827
1900,0.5155863849126682,3,5415,3,4926,0.54986715,77.49335765838623
1900,0.5165863849126682,3,5371,3,4900,0.5502005,77.51002609729767
2000,0.5201076381075525,3,5466,3,4942,0.5497465,77.48732566833496
2000,0.5211076381075525,3,5429,3,4912,0.5501814,77.50906944274902
2000,0.5221076381075525,3,5403,3,4896,0.55037296,77.51864790916443
2000,0.5231076381075525,3,5355,3,4877,0.5506011,77.53005623817444
2000,0.5241076381075525,3,5330,3,4847,0.55096334,77.54816710948944
2000,0.5251076381075525,3,5307,3,4815,0.5514184,77.57092118263245
2000,0.5261076381075525,3,5281,3,4794,0.5517157,77.58578360080719
2100,0.5289342189217207,3,5362,3,4866,0.550902,77.54510045051575
2100,0.5299342189217207,3,5343,3,4839,0.551178,77.55889892578125
2100,0.5309342189217207,3,5306,3,4817,0.55144674,77.57233679294586
2100,0.5319342189217207,3,5271,3,4796,0.5517105,77.58552432060242
2100,0.5329342189217207,3,5245,3,4765,0.55212414,77.60620713233948
2100,0.5339342189217207,3,5211,3,4714,0.552772,77.63859927654266
2100,0.5349342189217207,3,5192,3,4693,0.55307883,77.65394151210785
2200,0.5375461271173217,3,5284,3,4762,0.5522231,77.61115431785583
2200,0.5385461271173217,3,5263,3,4736,0.55254406,77.62720286846161
2200,0.5395461271173217,3,5244,3,4722,0.552703,77.63515114784241
2200,0.5405461271173218,3,5208,3,4699,0.5529897,77.64948606491089
2200,0.5415461271173218,3,5182,3,4655,0.55352724,77.67636179924011
2200,0.5425461271173218,3,5161,3,4633,0.5538006,77.69002914428711
2200,0.5435461271173218,3,5123,3,4603,0.5541871,77.70935595035553
2300,0.5456482565061386,3,5229,3,4695,0.5531371,77.65685617923737
2300,0.5466482565061386,3,5201,3,4672,0.5533995,77.66997516155243
2300,0.5476482565061386,3,5164,3,4640,0.553794,77.68970131874084
2300,0.5486482565061386,3,5142,3,4623,0.55404615,77.70230770111084
2300,0.5496482565061386,3,5115,3,4585,0.5545153,77.7257651090622
2300,0.5506482565061386,3,5094,3,4546,0.5550588,77.7529388666153
2300,0.5516482565061386,3,5062,3,4526,0.55531764,77.76588201522827
2400,0.5537677756697704,3,5156,3,4590,0.55454767,77.72738337516785
2400,0.5547677756697704,3,5124,3,4572,0.55479276,77.73963809013367
2400,0.5557677756697704,3,5092,3,4554,0.55499864,77.74993181228638
2400,0.5567677756697704,3,5052,3,4534,0.55522627,77.76131331920624
2400,0.5577677756697704,3,5028,3,4504,0.55566114,77.7830570936203
2400,0.5587677756697704,3,5002,3,4467,0.55612993,77.80649662017822
2400,0.5597677756697704,3,4970,3,4444,0.5564101,77.82050371170044
2500,0.5618405031335185,3,5067,3,4520,0.5555582,77.77791023254395
2500,0.5628405031335185,3,5041,3,4494,0.5558554,77.79276967048645
2500,0.5638405031335185,3,5006,3,4467,0.55612075,77.80603766441345
2500,0.5648405031335185,3,4978,3,4436,0.5564865,77.82432436943054
2500,0.5658405031335185,3,4933,3,4409,0.5568434,77.8421700000763
2500,0.5668405031335185,3,4907,3,4396,0.5570449,77.85224616527557
2500,0.5678405031335185,3,4881,3,4372,0.5573474,77.86737084388733
2600,0.569776735628158,3,4972,3,4435,0.55666095,77.83304750919342
2600,0.570776735628158,3,4941,3,4413,0.55694735,77.84736752510071
2600,0.571776735628158,3,4908,3,4384,0.55732214,77.86610722541809
2600,0.572776735628158,3,4891,3,4359,0.55763173,77.88158655166626
2600,0.573776735628158,3,4851,3,4333,0.55791205,77.89560258388519
2600,0.574776735628158,3,4824,3,4316,0.5581327,77.90663540363312
2600,0.575776735628158,3,4802,3,4299,0.55831575,77.91578769683838
2700,0.5777062906836521,3,4902,3,4362,0.5575906,77.87953019142151
2700,0.5787062906836521,3,4882,3,4341,0.5578943,77.89471447467804
2700,0.5797062906836521,3,4837,3,4312,0.5582672,77.91335880756378
2700,0.5807062906836521,3,4815,3,4284,0.55866116,77.93305814266205
2700,0.5817062906836521,3,4785,3,4266,0.558827,77.9413491487503
2700,0.5827062906836521,3,4761,3,4250,0.55903757,77.95187830924988
2700,0.5837062906836521,3,4741,3,4231,0.5592241,77.96120643615723
2800,0.5854389859000747,3,4828,3,4278,0.5587549,77.93774604797363
2800,0.5864389859000747,3,4802,3,4260,0.55897546,77.94877290725708
2800,0.5874389859000747,3,4768,3,4237,0.5592168,77.96083986759186
2800,0.5884389859000747,3,4735,3,4193,0.55982184,77.99109220504761
2800,0.5894389859000747,3,4705,3,4182,0.559931,77.9965490102768
2800,0.5904389859000747,3,4674,3,4161,0.5601864,78.00931930541992
2800,0.5914389859000747,3,4662,3,4137,0.5605172,78.02585959434509
2900,0.5932146341962118,3,4739,3,4201,0.5597649,77.98824608325958
2900,0.5942146341962118,3,4708,3,4182,0.5599993,77.99996435642242
2900,0.5952146341962118,3,4674,3,4152,0.5603975,78.01987528800964
2900,0.5962146341962118,3,4650,3,4121,0.56078106,78.03905308246613
2900,0.5972146341962118,3,4628,3,4095,0.56112206,78.05610299110413
2900,0.5982146341962118,3,4602,3,4077,0.5613334,78.0666708946228
2900,0.5992146341962118,3,4574,3,4051,0.5617212,78.08606028556824
3000,0.6010853613937688,3,4631,3,4117,0.5608424,78.04211974143982
20,0.11439345279668199,18,8695,16,7708,0.06387922,53.19396108388901
